{"cameraMode":{"drawMode":0,"name":"Shaded","section":"Shading Mode"},"sceneLighting":false,"audioPlay":false,"sceneViewState":{"m_AlwaysRefresh":false,"showFog":true,"showSkybox":false,"showFlares":true,"showImageEffects":true,"showParticleSystems":true,"showVisualEffectGraphs":true,"m_FxEnabled":true},"in2DMode":false,"pivot":{"x":-0.8353306651115418,"y":0.6688961386680603,"z":0.022105693817138673},"rotation":{"x":-0.16992101073265077,"y":-0.5603467226028442,"z":0.11873625218868256,"w":-0.8019000887870789},"size":1.608304738998413,"orthographic":false}