{"cameraMode":{"drawMode":0,"name":"Shaded","section":"Shading Mode"},"sceneLighting":false,"audioPlay":false,"sceneViewState":{"m_AlwaysRefresh":false,"showFog":true,"showSkybox":false,"showFlares":true,"showImageEffects":true,"showParticleSystems":true,"showVisualEffectGraphs":true,"m_FxEnabled":true},"in2DMode":false,"pivot":{"x":0.06667566299438477,"y":-0.22155094146728517,"z":-0.00009170174598693848},"rotation":{"x":-0.018176570534706117,"y":-0.9787587523460388,"z":0.178104430437088,"w":-0.09988777339458466},"size":0.7020598649978638,"orthographic":true}