{"cameraMode":{"drawMode":0,"name":"Shaded","section":"Shading Mode"},"sceneLighting":false,"audioPlay":false,"sceneViewState":{"m_AlwaysRefresh":false,"showFog":true,"showSkybox":false,"showFlares":true,"showImageEffects":true,"showParticleSystems":true,"showVisualEffectGraphs":true,"m_FxEnabled":true},"in2DMode":false,"pivot":{"x":0.5530446171760559,"y":0.685986340045929,"z":0.06432698667049408},"rotation":{"x":-0.22121284902095796,"y":0.17501753568649293,"z":-0.04039067402482033,"w":-0.9585442543029785},"size":1.3523619174957276,"orthographic":false}