{"cameraMode":{"drawMode":0,"name":"Shaded","section":"Shading Mode"},"sceneLighting":false,"audioPlay":false,"sceneViewState":{"m_AlwaysRefresh":false,"showFog":true,"showSkybox":false,"showFlares":true,"showImageEffects":true,"showParticleSystems":true,"showVisualEffectGraphs":true,"m_FxEnabled":true},"in2DMode":false,"pivot":{"x":-0.21279335021972657,"y":2.7766876220703127,"z":-0.35779476165771487},"rotation":{"x":0.22473059594631196,"y":-0.29966050386428835,"z":0.07285568863153458,"w":0.9243330359458923},"size":13.592381477355957,"orthographic":false}