{"cameraMode":{"drawMode":0,"name":"Shaded","section":"Shading Mode"},"sceneLighting":false,"audioPlay":false,"sceneViewState":{"m_AlwaysRefresh":false,"showFog":true,"showSkybox":false,"showFlares":true,"showImageEffects":true,"showParticleSystems":true,"showVisualEffectGraphs":true,"m_FxEnabled":true},"in2DMode":false,"pivot":{"x":-0.0034570693969726564,"y":-0.35983747243881228,"z":-0.0003260970115661621},"rotation":{"x":-0.018176570534706117,"y":-0.9787587523460388,"z":0.178104430437088,"w":-0.09988777339458466},"size":0.9147787690162659,"orthographic":true}