{"cameraMode":{"drawMode":0,"name":"Shaded","section":"Shading Mode"},"sceneLighting":true,"audioPlay":false,"sceneViewState":{"m_AlwaysRefresh":false,"showFog":true,"showSkybox":true,"showFlares":true,"showImageEffects":true,"showParticleSystems":true,"showVisualEffectGraphs":true,"m_FxEnabled":true},"in2DMode":false,"pivot":{"x":18.247446060180665,"y":7.229653358459473,"z":9.165398597717286},"rotation":{"x":0.10477542877197266,"y":-0.16773375868797303,"z":0.017931491136550905,"w":0.9800845384597778},"size":9.955116271972657,"orthographic":false}