{"cameraMode":{"drawMode":0,"name":"Shaded","section":"Shading Mode"},"sceneLighting":true,"audioPlay":false,"sceneViewState":{"m_AlwaysRefresh":false,"showFog":true,"showSkybox":true,"showFlares":true,"showImageEffects":true,"showParticleSystems":true,"showVisualEffectGraphs":true,"m_FxEnabled":true},"in2DMode":false,"pivot":{"x":18.328683853149415,"y":1.9198541641235352,"z":24.776386260986329},"rotation":{"x":0.03655177354812622,"y":0.49166539311408999,"z":-0.020661955699324609,"w":0.8697712421417236},"size":1.467527151107788,"orthographic":false}