{"cameraMode":{"drawMode":0,"name":"Shaded","section":"Shading Mode"},"sceneLighting":true,"audioPlay":false,"sceneViewState":{"m_AlwaysRefresh":false,"showFog":true,"showSkybox":true,"showFlares":true,"showImageEffects":true,"showParticleSystems":true,"showVisualEffectGraphs":true,"m_FxEnabled":true},"in2DMode":false,"pivot":{"x":26.0312442779541,"y":5.983422756195068,"z":31.76042938232422},"rotation":{"x":-0.024616137146949769,"y":-0.9637473225593567,"z":0.09572406113147736,"w":-0.24783477187156678},"size":11.363530158996582,"orthographic":true}