{"cameraMode":{"drawMode":0,"name":"Shaded","section":"Shading Mode"},"sceneLighting":true,"audioPlay":false,"sceneViewState":{"m_AlwaysRefresh":false,"showFog":true,"showSkybox":true,"showFlares":true,"showImageEffects":true,"showParticleSystems":true,"showVisualEffectGraphs":true,"m_FxEnabled":true},"in2DMode":false,"pivot":{"x":9.286792755126954,"y":1.9507479667663575,"z":9.040223121643067},"rotation":{"x":-0.024616137146949769,"y":-0.9637473225593567,"z":0.09572406113147736,"w":-0.24783477187156678},"size":0.6952990293502808,"orthographic":true}