{"cameraMode":{"drawMode":0,"name":"Shaded","section":"Shading Mode"},"sceneLighting":true,"audioPlay":false,"sceneViewState":{"m_AlwaysRefresh":false,"showFog":true,"showSkybox":true,"showFlares":true,"showImageEffects":true,"showParticleSystems":true,"showVisualEffectGraphs":true,"m_FxEnabled":true},"in2DMode":false,"pivot":{"x":166.36683654785157,"y":27.57152557373047,"z":59.93108367919922},"rotation":{"x":-0.10056471824645996,"y":-0.4687845706939697,"z":0.05382164567708969,"w":-0.8759182691574097},"size":0.09681616723537445,"orthographic":false}