{"cameraMode":{"drawMode":0,"name":"Shaded","section":"Shading Mode"},"sceneLighting":true,"audioPlay":false,"sceneViewState":{"m_AlwaysRefresh":false,"showFog":true,"showSkybox":true,"showFlares":true,"showImageEffects":true,"showParticleSystems":true,"showVisualEffectGraphs":true,"m_FxEnabled":true},"in2DMode":false,"pivot":{"x":478.0010986328125,"y":54.30570983886719,"z":32.909088134765628},"rotation":{"x":0.08733470737934113,"y":-0.5114637017250061,"z":0.05235101655125618,"w":0.8532508611679077},"size":177.60397338867188,"orthographic":true}