{"playerData":{"playerStats":[100.0,2498.5],"playerPositionAndRotation":[20.167339324951173,1.0799998044967652,15.695385932922364,-0.00603057025000453,0.24410893023014069,0.001518071279861033],"inventoryContent":["Health"],"quickSlotContent":["Axe"]},"eniromentData":{"pickedupItems":["Health"]}}