{"playerData":{"playerStats":[75.0,2463.0],"playerPositionAndRotation":[248.2638397216797,3.2665205001831056,157.88893127441407,-0.026501938700675966,-0.5578232407569885,0.01782538928091526],"inventoryContent":["Health","Log","Axe"],"quickSlotContent":["Axe"]},"eniromentData":{"pickedupItems":["Health","Apple1","Apple2","Apple3","Carrot(Clone)","Carrot(Clone)","Carrot(Clone)","Stump(Clone)"]}}