{"cameraMode":{"drawMode":0,"name":"Shaded","section":"Shading Mode"},"sceneLighting":false,"audioPlay":false,"sceneViewState":{"m_AlwaysRefresh":false,"showFog":true,"showSkybox":false,"showFlares":true,"showImageEffects":true,"showParticleSystems":true,"showVisualEffectGraphs":true,"m_FxEnabled":true},"in2DMode":false,"pivot":{"x":-0.000644683837890625,"y":-0.17448318004608155,"z":-0.0005550608038902283},"rotation":{"x":-0.018176570534706117,"y":-0.9787587523460388,"z":0.178104430437088,"w":-0.09988777339458466},"size":0.2824004888534546,"orthographic":true}