{"cameraMode":{"drawMode":0,"name":"Shaded","section":"Shading Mode"},"sceneLighting":false,"audioPlay":false,"sceneViewState":{"m_AlwaysRefresh":false,"showFog":true,"showSkybox":false,"showFlares":true,"showImageEffects":true,"showParticleSystems":true,"showVisualEffectGraphs":true,"m_FxEnabled":true},"in2DMode":false,"pivot":{"x":0.05432194471359253,"y":0.03732728958129883,"z":0.14432483911514283},"rotation":{"x":0.2799573242664337,"y":0.26345762610435488,"z":-0.08019977062940598,"w":0.9196643829345703},"size":1.3058290481567383,"orthographic":false}